{
  "last_updated" : 1647160524,
  "ttl" : 60,
  "version" : "2.0",
  "data" : {
    "plans" : [ {
      "plan_id" : "donkey_le_locle:214",
      "url" : "https://www.donkey.bike/pricing/",
      "name" : "Bike pricing",
      "currency" : "CHF",
      "price" : 0.0,
      "description" : "No strings attached – with our pay as you ride option you can take short or long trips in the city. Forget about calculations, just get on a Donkey Bike and ride. The longer you ride, the cheaper the minutes get.",
      "provider_id" : "donkey_le_locle",
      "is_taxable" : false
    }, {
      "plan_id" : "donkey_le_locle:266",
      "url" : "https://www.donkey.bike/pricing/",
      "name" : "Ebike pricing",
      "currency" : "CHF",
      "price" : 0.0,
      "description" : "No strings attached – with our pay as you ride option you can take short or long trips in the city. Forget about calculations, just get on a Donkey Bike and ride. The longer you ride, the cheaper the minutes get.",
      "provider_id" : "donkey_le_locle",
      "is_taxable" : false
    }, {
      "plan_id" : "donkey_sion:247",
      "url" : "https://www.donkey.bike/pricing/",
      "name" : "Bike pricing",
      "currency" : "CHF",
      "price" : 0.0,
      "description" : "No strings attached – with our pay as you ride option you can take short or long trips in the city. Forget about calculations, just get on a Donkey Bike and ride. The longer you ride, the cheaper the minutes get.",
      "provider_id" : "donkey_sion",
      "is_taxable" : false
    }, {
      "plan_id" : "donkey_sion:248",
      "url" : "https://www.donkey.bike/pricing/",
      "name" : "Ebike pricing",
      "currency" : "CHF",
      "price" : 0.0,
      "description" : "No strings attached – with our pay as you ride option you can take short or long trips in the city. Forget about calculations, just get on a Donkey Bike and ride. The longer you ride, the cheaper the minutes get.",
      "provider_id" : "donkey_sion",
      "is_taxable" : false
    }, {
      "plan_id" : "donkey_sion:249",
      "url" : "https://www.donkey.bike/pricing/",
      "name" : "Trailer pricing",
      "currency" : "CHF",
      "price" : 0.0,
      "description" : "No strings attached – with our pay as you ride option you can take short or long trips in the city. Forget about calculations, just get on a Donkey Bike and ride. The longer you ride, the cheaper the minutes get.",
      "provider_id" : "donkey_sion",
      "is_taxable" : false
    }, {
      "plan_id" : "donkey_neuchatel:28",
      "url" : "https://www.donkey.bike/pricing/",
      "name" : "Bike pricing",
      "currency" : "CHF",
      "price" : 0.0,
      "description" : "No strings attached – with our pay as you ride option you can take short or long trips in the city. Forget about calculations, just get on a Donkey Bike and ride. The longer you ride, the cheaper the minutes get.",
      "provider_id" : "donkey_neuchatel",
      "is_taxable" : false
    }, {
      "plan_id" : "donkey_ge:328",
      "url" : "https://www.donkey.bike/pricing/",
      "name" : "Bike pricing",
      "currency" : "CHF",
      "price" : 0.0,
      "description" : "No strings attached – with our pay as you ride option you can take short or long trips in the city. Forget about calculations, just get on a Donkey Bike and ride. The longer you ride, the cheaper the minutes get.",
      "provider_id" : "donkey_ge",
      "is_taxable" : false
    }, {
      "plan_id" : "donkey_ge:329",
      "url" : "https://www.donkey.bike/pricing/",
      "name" : "Ebike pricing",
      "currency" : "CHF",
      "price" : 0.0,
      "description" : "No strings attached – with our pay as you ride option you can take short or long trips in the city. Forget about calculations, just get on a Donkey Bike and ride. The longer you ride, the cheaper the minutes get.",
      "provider_id" : "donkey_ge",
      "is_taxable" : false
    }, {
      "plan_id" : "mobility:2305 return",
      "name" : "return",
      "currency" : "CHF",
      "price" : 0.0,
      "description" : "Lorem ipsum dolor sit amet, consectetur adipisici elit, …",
      "provider_id" : "mobility",
      "is_taxable" : false
    }, {
      "plan_id" : "mobility:2306 return",
      "name" : "return",
      "currency" : "CHF",
      "price" : 0.0,
      "description" : "Lorem ipsum dolor sit amet, consectetur adipisici elit, …",
      "provider_id" : "mobility",
      "is_taxable" : false
    }, {
      "plan_id" : "mobility:2309 return",
      "name" : "return",
      "currency" : "CHF",
      "price" : 0.0,
      "description" : "Lorem ipsum dolor sit amet, consectetur adipisici elit, …",
      "provider_id" : "mobility",
      "is_taxable" : false
    }, {
      "plan_id" : "mobility:2310 return",
      "name" : "return",
      "currency" : "CHF",
      "price" : 0.0,
      "description" : "Lorem ipsum dolor sit amet, consectetur adipisici elit, …",
      "provider_id" : "mobility",
      "is_taxable" : false
    }, {
      "plan_id" : "mobility:2312 return",
      "name" : "return",
      "currency" : "CHF",
      "price" : 0.0,
      "description" : "Lorem ipsum dolor sit amet, consectetur adipisici elit, …",
      "provider_id" : "mobility",
      "is_taxable" : false
    }, {
      "plan_id" : "mobility:2313 return",
      "name" : "return",
      "currency" : "CHF",
      "price" : 0.0,
      "description" : "Lorem ipsum dolor sit amet, consectetur adipisici elit, …",
      "provider_id" : "mobility",
      "is_taxable" : false
    }, {
      "plan_id" : "mobility:79293 return",
      "name" : "return",
      "currency" : "CHF",
      "price" : 0.0,
      "description" : "Lorem ipsum dolor sit amet, consectetur adipisici elit, …",
      "provider_id" : "mobility",
      "is_taxable" : false
    }, {
      "plan_id" : "mobility:83104 return",
      "name" : "return",
      "currency" : "CHF",
      "price" : 0.0,
      "description" : "Lorem ipsum dolor sit amet, consectetur adipisici elit, …",
      "provider_id" : "mobility",
      "is_taxable" : false
    }, {
      "plan_id" : "mobility:83105 return",
      "name" : "return",
      "currency" : "CHF",
      "price" : 0.0,
      "description" : "Lorem ipsum dolor sit amet, consectetur adipisici elit, …",
      "provider_id" : "mobility",
      "is_taxable" : false
    }, {
      "plan_id" : "mobility:83106 return",
      "name" : "return",
      "currency" : "CHF",
      "price" : 0.0,
      "description" : "Lorem ipsum dolor sit amet, consectetur adipisici elit, …",
      "provider_id" : "mobility",
      "is_taxable" : false
    }, {
      "plan_id" : "mobility:83107 return",
      "name" : "return",
      "currency" : "CHF",
      "price" : 0.0,
      "description" : "Lorem ipsum dolor sit amet, consectetur adipisici elit, …",
      "provider_id" : "mobility",
      "is_taxable" : false
    }, {
      "plan_id" : "mobility:83108 return",
      "name" : "return",
      "currency" : "CHF",
      "price" : 0.0,
      "description" : "Lorem ipsum dolor sit amet, consectetur adipisici elit, …",
      "provider_id" : "mobility",
      "is_taxable" : false
    }, {
      "plan_id" : "mobility:2306 oneway",
      "name" : "oneway",
      "currency" : "CHF",
      "price" : 0.0,
      "description" : "Lorem ipsum dolor sit amet, consectetur adipisici elit, …",
      "provider_id" : "mobility",
      "is_taxable" : false
    }, {
      "plan_id" : "mobility:2313 free",
      "name" : "free",
      "currency" : "CHF",
      "price" : 0.0,
      "description" : "Lorem ipsum dolor sit amet, consectetur adipisici elit, …",
      "provider_id" : "mobility",
      "is_taxable" : false
    }, {
      "plan_id" : "mobility:83105 free",
      "name" : "free",
      "currency" : "CHF",
      "price" : 0.0,
      "description" : "Lorem ipsum dolor sit amet, consectetur adipisici elit, …",
      "provider_id" : "mobility",
      "is_taxable" : false
    }, {
      "plan_id" : "emobility:2305 return",
      "name" : "return",
      "currency" : "CHF",
      "price" : 0.0,
      "description" : "Lorem ipsum dolor sit amet, consectetur adipisici elit, …",
      "provider_id" : "emobility",
      "is_taxable" : false
    }, {
      "plan_id" : "emobility:2306 return",
      "name" : "return",
      "currency" : "CHF",
      "price" : 0.0,
      "description" : "Lorem ipsum dolor sit amet, consectetur adipisici elit, …",
      "provider_id" : "emobility",
      "is_taxable" : false
    }, {
      "plan_id" : "emobility:2309 return",
      "name" : "return",
      "currency" : "CHF",
      "price" : 0.0,
      "description" : "Lorem ipsum dolor sit amet, consectetur adipisici elit, …",
      "provider_id" : "emobility",
      "is_taxable" : false
    }, {
      "plan_id" : "emobility:2310 return",
      "name" : "return",
      "currency" : "CHF",
      "price" : 0.0,
      "description" : "Lorem ipsum dolor sit amet, consectetur adipisici elit, …",
      "provider_id" : "emobility",
      "is_taxable" : false
    }, {
      "plan_id" : "emobility:2312 return",
      "name" : "return",
      "currency" : "CHF",
      "price" : 0.0,
      "description" : "Lorem ipsum dolor sit amet, consectetur adipisici elit, …",
      "provider_id" : "emobility",
      "is_taxable" : false
    }, {
      "plan_id" : "emobility:2313 return",
      "name" : "return",
      "currency" : "CHF",
      "price" : 0.0,
      "description" : "Lorem ipsum dolor sit amet, consectetur adipisici elit, …",
      "provider_id" : "emobility",
      "is_taxable" : false
    }, {
      "plan_id" : "emobility:79293 return",
      "name" : "return",
      "currency" : "CHF",
      "price" : 0.0,
      "description" : "Lorem ipsum dolor sit amet, consectetur adipisici elit, …",
      "provider_id" : "emobility",
      "is_taxable" : false
    }, {
      "plan_id" : "emobility:83104 return",
      "name" : "return",
      "currency" : "CHF",
      "price" : 0.0,
      "description" : "Lorem ipsum dolor sit amet, consectetur adipisici elit, …",
      "provider_id" : "emobility",
      "is_taxable" : false
    }, {
      "plan_id" : "emobility:83105 return",
      "name" : "return",
      "currency" : "CHF",
      "price" : 0.0,
      "description" : "Lorem ipsum dolor sit amet, consectetur adipisici elit, …",
      "provider_id" : "emobility",
      "is_taxable" : false
    }, {
      "plan_id" : "emobility:83106 return",
      "name" : "return",
      "currency" : "CHF",
      "price" : 0.0,
      "description" : "Lorem ipsum dolor sit amet, consectetur adipisici elit, …",
      "provider_id" : "emobility",
      "is_taxable" : false
    }, {
      "plan_id" : "emobility:83107 return",
      "name" : "return",
      "currency" : "CHF",
      "price" : 0.0,
      "description" : "Lorem ipsum dolor sit amet, consectetur adipisici elit, …",
      "provider_id" : "emobility",
      "is_taxable" : false
    }, {
      "plan_id" : "emobility:83108 return",
      "name" : "return",
      "currency" : "CHF",
      "price" : 0.0,
      "description" : "Lorem ipsum dolor sit amet, consectetur adipisici elit, …",
      "provider_id" : "emobility",
      "is_taxable" : false
    }, {
      "plan_id" : "emobility:2306 oneway",
      "name" : "oneway",
      "currency" : "CHF",
      "price" : 0.0,
      "description" : "Lorem ipsum dolor sit amet, consectetur adipisici elit, …",
      "provider_id" : "emobility",
      "is_taxable" : false
    }, {
      "plan_id" : "emobility:2313 free",
      "name" : "free",
      "currency" : "CHF",
      "price" : 0.0,
      "description" : "Lorem ipsum dolor sit amet, consectetur adipisici elit, …",
      "provider_id" : "emobility",
      "is_taxable" : false
    }, {
      "plan_id" : "emobility:83105 free",
      "name" : "free",
      "currency" : "CHF",
      "price" : 0.0,
      "description" : "Lorem ipsum dolor sit amet, consectetur adipisici elit, …",
      "provider_id" : "emobility",
      "is_taxable" : false
    }, {
      "plan_id" : "donkey_thun:274",
      "url" : "https://www.donkey.bike/pricing/",
      "name" : "Bike pricing",
      "currency" : "CHF",
      "price" : 0.0,
      "description" : "No strings attached – with our pay as you ride option you can take short or long trips in the city. Forget about calculations, just get on a Donkey Bike and ride. The longer you ride, the cheaper the minutes get.",
      "provider_id" : "donkey_thun",
      "is_taxable" : false
    }, {
      "plan_id" : "donkey_thun:400",
      "url" : "https://www.donkey.bike/pricing/",
      "name" : "Ebike pricing",
      "currency" : "CHF",
      "price" : 0.0,
      "description" : "No strings attached – with our pay as you ride option you can take short or long trips in the city. Forget about calculations, just get on a Donkey Bike and ride. The longer you ride, the cheaper the minutes get.",
      "provider_id" : "donkey_thun",
      "is_taxable" : false
    }, {
      "plan_id" : "donkey_yverdon-les-bains:250",
      "url" : "https://www.donkey.bike/pricing/",
      "name" : "Bike pricing",
      "currency" : "CHF",
      "price" : 0.0,
      "description" : "No strings attached – with our pay as you ride option you can take short or long trips in the city. Forget about calculations, just get on a Donkey Bike and ride. The longer you ride, the cheaper the minutes get.",
      "provider_id" : "donkey_yverdon-les-bains",
      "is_taxable" : false
    }, {
      "plan_id" : "donkey_li:213",
      "url" : "https://www.donkey.bike/pricing/",
      "name" : "Bike pricing",
      "currency" : "CHF",
      "price" : 0.0,
      "description" : "No strings attached – with our pay as you ride option you can take short or long trips in the city. Forget about calculations, just get on a Donkey Bike and ride. The longer you ride, the cheaper the minutes get.",
      "provider_id" : "donkey_li",
      "is_taxable" : false
    }, {
      "plan_id" : "mobility_go:2305 return",
      "name" : "return",
      "currency" : "CHF",
      "price" : 0.0,
      "description" : "Lorem ipsum dolor sit amet, consectetur adipisici elit, …",
      "provider_id" : "mobility_go",
      "is_taxable" : false
    }, {
      "plan_id" : "mobility_go:2306 return",
      "name" : "return",
      "currency" : "CHF",
      "price" : 0.0,
      "description" : "Lorem ipsum dolor sit amet, consectetur adipisici elit, …",
      "provider_id" : "mobility_go",
      "is_taxable" : false
    }, {
      "plan_id" : "mobility_go:2309 return",
      "name" : "return",
      "currency" : "CHF",
      "price" : 0.0,
      "description" : "Lorem ipsum dolor sit amet, consectetur adipisici elit, …",
      "provider_id" : "mobility_go",
      "is_taxable" : false
    }, {
      "plan_id" : "mobility_go:2310 return",
      "name" : "return",
      "currency" : "CHF",
      "price" : 0.0,
      "description" : "Lorem ipsum dolor sit amet, consectetur adipisici elit, …",
      "provider_id" : "mobility_go",
      "is_taxable" : false
    }, {
      "plan_id" : "mobility_go:2312 return",
      "name" : "return",
      "currency" : "CHF",
      "price" : 0.0,
      "description" : "Lorem ipsum dolor sit amet, consectetur adipisici elit, …",
      "provider_id" : "mobility_go",
      "is_taxable" : false
    }, {
      "plan_id" : "mobility_go:2313 return",
      "name" : "return",
      "currency" : "CHF",
      "price" : 0.0,
      "description" : "Lorem ipsum dolor sit amet, consectetur adipisici elit, …",
      "provider_id" : "mobility_go",
      "is_taxable" : false
    }, {
      "plan_id" : "mobility_go:79293 return",
      "name" : "return",
      "currency" : "CHF",
      "price" : 0.0,
      "description" : "Lorem ipsum dolor sit amet, consectetur adipisici elit, …",
      "provider_id" : "mobility_go",
      "is_taxable" : false
    }, {
      "plan_id" : "mobility_go:83104 return",
      "name" : "return",
      "currency" : "CHF",
      "price" : 0.0,
      "description" : "Lorem ipsum dolor sit amet, consectetur adipisici elit, …",
      "provider_id" : "mobility_go",
      "is_taxable" : false
    }, {
      "plan_id" : "mobility_go:83105 return",
      "name" : "return",
      "currency" : "CHF",
      "price" : 0.0,
      "description" : "Lorem ipsum dolor sit amet, consectetur adipisici elit, …",
      "provider_id" : "mobility_go",
      "is_taxable" : false
    }, {
      "plan_id" : "mobility_go:83106 return",
      "name" : "return",
      "currency" : "CHF",
      "price" : 0.0,
      "description" : "Lorem ipsum dolor sit amet, consectetur adipisici elit, …",
      "provider_id" : "mobility_go",
      "is_taxable" : false
    }, {
      "plan_id" : "mobility_go:83107 return",
      "name" : "return",
      "currency" : "CHF",
      "price" : 0.0,
      "description" : "Lorem ipsum dolor sit amet, consectetur adipisici elit, …",
      "provider_id" : "mobility_go",
      "is_taxable" : false
    }, {
      "plan_id" : "mobility_go:83108 return",
      "name" : "return",
      "currency" : "CHF",
      "price" : 0.0,
      "description" : "Lorem ipsum dolor sit amet, consectetur adipisici elit, …",
      "provider_id" : "mobility_go",
      "is_taxable" : false
    }, {
      "plan_id" : "mobility_go:2306 oneway",
      "name" : "oneway",
      "currency" : "CHF",
      "price" : 0.0,
      "description" : "Lorem ipsum dolor sit amet, consectetur adipisici elit, …",
      "provider_id" : "mobility_go",
      "is_taxable" : false
    }, {
      "plan_id" : "mobility_go:2313 free",
      "name" : "free",
      "currency" : "CHF",
      "price" : 0.0,
      "description" : "Lorem ipsum dolor sit amet, consectetur adipisici elit, …",
      "provider_id" : "mobility_go",
      "is_taxable" : false
    }, {
      "plan_id" : "mobility_go:83105 free",
      "name" : "free",
      "currency" : "CHF",
      "price" : 0.0,
      "description" : "Lorem ipsum dolor sit amet, consectetur adipisici elit, …",
      "provider_id" : "mobility_go",
      "is_taxable" : false
    }, {
      "plan_id" : "emobility_go:2305 return",
      "name" : "return",
      "currency" : "CHF",
      "price" : 0.0,
      "description" : "Lorem ipsum dolor sit amet, consectetur adipisici elit, …",
      "provider_id" : "emobility_go",
      "is_taxable" : false
    }, {
      "plan_id" : "emobility_go:2306 return",
      "name" : "return",
      "currency" : "CHF",
      "price" : 0.0,
      "description" : "Lorem ipsum dolor sit amet, consectetur adipisici elit, …",
      "provider_id" : "emobility_go",
      "is_taxable" : false
    }, {
      "plan_id" : "emobility_go:2309 return",
      "name" : "return",
      "currency" : "CHF",
      "price" : 0.0,
      "description" : "Lorem ipsum dolor sit amet, consectetur adipisici elit, …",
      "provider_id" : "emobility_go",
      "is_taxable" : false
    }, {
      "plan_id" : "emobility_go:2310 return",
      "name" : "return",
      "currency" : "CHF",
      "price" : 0.0,
      "description" : "Lorem ipsum dolor sit amet, consectetur adipisici elit, …",
      "provider_id" : "emobility_go",
      "is_taxable" : false
    }, {
      "plan_id" : "emobility_go:2312 return",
      "name" : "return",
      "currency" : "CHF",
      "price" : 0.0,
      "description" : "Lorem ipsum dolor sit amet, consectetur adipisici elit, …",
      "provider_id" : "emobility_go",
      "is_taxable" : false
    }, {
      "plan_id" : "emobility_go:2313 return",
      "name" : "return",
      "currency" : "CHF",
      "price" : 0.0,
      "description" : "Lorem ipsum dolor sit amet, consectetur adipisici elit, …",
      "provider_id" : "emobility_go",
      "is_taxable" : false
    }, {
      "plan_id" : "emobility_go:79293 return",
      "name" : "return",
      "currency" : "CHF",
      "price" : 0.0,
      "description" : "Lorem ipsum dolor sit amet, consectetur adipisici elit, …",
      "provider_id" : "emobility_go",
      "is_taxable" : false
    }, {
      "plan_id" : "emobility_go:83104 return",
      "name" : "return",
      "currency" : "CHF",
      "price" : 0.0,
      "description" : "Lorem ipsum dolor sit amet, consectetur adipisici elit, …",
      "provider_id" : "emobility_go",
      "is_taxable" : false
    }, {
      "plan_id" : "emobility_go:83105 return",
      "name" : "return",
      "currency" : "CHF",
      "price" : 0.0,
      "description" : "Lorem ipsum dolor sit amet, consectetur adipisici elit, …",
      "provider_id" : "emobility_go",
      "is_taxable" : false
    }, {
      "plan_id" : "emobility_go:83106 return",
      "name" : "return",
      "currency" : "CHF",
      "price" : 0.0,
      "description" : "Lorem ipsum dolor sit amet, consectetur adipisici elit, …",
      "provider_id" : "emobility_go",
      "is_taxable" : false
    }, {
      "plan_id" : "emobility_go:83107 return",
      "name" : "return",
      "currency" : "CHF",
      "price" : 0.0,
      "description" : "Lorem ipsum dolor sit amet, consectetur adipisici elit, …",
      "provider_id" : "emobility_go",
      "is_taxable" : false
    }, {
      "plan_id" : "emobility_go:83108 return",
      "name" : "return",
      "currency" : "CHF",
      "price" : 0.0,
      "description" : "Lorem ipsum dolor sit amet, consectetur adipisici elit, …",
      "provider_id" : "emobility_go",
      "is_taxable" : false
    }, {
      "plan_id" : "emobility_go:2306 oneway",
      "name" : "oneway",
      "currency" : "CHF",
      "price" : 0.0,
      "description" : "Lorem ipsum dolor sit amet, consectetur adipisici elit, …",
      "provider_id" : "emobility_go",
      "is_taxable" : false
    }, {
      "plan_id" : "emobility_go:2313 free",
      "name" : "free",
      "currency" : "CHF",
      "price" : 0.0,
      "description" : "Lorem ipsum dolor sit amet, consectetur adipisici elit, …",
      "provider_id" : "emobility_go",
      "is_taxable" : false
    }, {
      "plan_id" : "emobility_go:83105 free",
      "name" : "free",
      "currency" : "CHF",
      "price" : 0.0,
      "description" : "Lorem ipsum dolor sit amet, consectetur adipisici elit, …",
      "provider_id" : "emobility_go",
      "is_taxable" : false
    }, {
      "plan_id" : "nextbike_ch:Rate0019",
      "name" : "CHF2/Stunde, ab 10.Stunde CHF20/24h",
      "currency" : "CHF",
      "price" : 0.0,
      "description" : "CHF2/Stunde, ab 10.Stunde CHF20/24h",
      "provider_id" : "nextbike_ch",
      "is_taxable" : false
    } ]
  }
}