{
  "last_updated" : 1648126499,
  "ttl" : 60,
  "version" : "2.0",
  "data" : {
    "providers" : [ {
      "provider_id" : "publibike",
      "ttl" : 180,
      "language" : "en",
      "name" : "Publibike",
      "vehicle_type" : "Bike",
      "timezone" : "MEZ",
      "rental_apps" : {
        "ios" : {
          "store_uri" : "https://apps.apple.com/ch/app/publibike-app/id1273769305"
        },
        "android" : {
          "store_uri" : "https://play.google.com/store/apps/details?id=ch.publibike.app"
        }
      },
      "last_updated" : 1648126432
    }, {
      "provider_id" : "bond_ch",
      "ttl" : 60,
      "language" : "en",
      "name" : "BOND Mobility",
      "vehicle_type" : "E-Bike",
      "timezone" : "CET",
      "rental_apps" : {
        "ios" : {
          "store_uri" : "https://apps.apple.com/ch/app/bond-ebike-on-demand/id1154109900"
        },
        "android" : {
          "store_uri" : "https://play.google.com/store/apps/details?id=ch.smide.app"
        }
      },
      "last_updated" : 1648126482
    }, {
      "provider_id" : "carvelo2go",
      "ttl" : 0,
      "language" : "en",
      "name" : "Carvelo2go",
      "vehicle_type" : "E-CargoBike",
      "operator" : "Mobilitätsakademie AG des TCS",
      "url" : "https://www.carvelo2go.ch",
      "email" : "info@carvelo2go.ch",
      "phone_number" : "058 827 34 14",
      "timezone" : "Europe/Zurich",
      "rental_apps" : {
        "ios" : {
          "store_uri" : "https://apps.apple.com/ch/app/carvelo2go/id1272672674"
        },
        "android" : {
          "store_uri" : "https://play.google.com/store/apps/details?id=ch.carvelo2go.app"
        }
      },
      "last_updated" : 1648126484
    }, {
      "provider_id" : "voiscooters.com",
      "ttl" : 0,
      "language" : "en",
      "name" : "Voi",
      "vehicle_type" : "E-Scooter",
      "timezone" : "UTC",
      "rental_apps" : {
        "ios" : {
          "store_uri" : "https://apps.apple.com/ch/app/voi-scooters-get-magic-wheels/id1395921017"
        },
        "android" : {
          "store_uri" : "https://play.google.com/store/apps/details?id=io.voiapp.voi"
        }
      },
      "last_updated" : 1648126398
    }, {
      "provider_id" : "publiebike",
      "ttl" : 180,
      "language" : "en",
      "name" : "PubliBike",
      "vehicle_type" : "E-Bike",
      "timezone" : "MEZ",
      "rental_apps" : {
        "ios" : {
          "store_uri" : "https://apps.apple.com/ch/app/publibike-app/id1273769305"
        },
        "android" : {
          "store_uri" : "https://play.google.com/store/apps/details?id=ch.publibike.app"
        }
      },
      "last_updated" : 1648126432
    }, {
      "provider_id" : "edrivecarsharing",
      "ttl" : 60,
      "language" : "en",
      "name" : "edrive carsharing",
      "vehicle_type" : "E-Car",
      "timezone" : "Europe/Zurich",
      "rental_apps" : {
        "ios" : {
          "store_uri" : "https://apps.apple.com/ch/app/edrive-carsharing/id1538587480"
        },
        "android" : {
          "store_uri" : "https://play.google.com/store/apps/details?id=com.zemtu.edrive&hl=de&gl=US"
        }
      },
      "last_updated" : 1648126482
    }, {
      "provider_id" : "bird-platform-partner-zisch-zurich",
      "ttl" : 60,
      "language" : "en",
      "name" : "Zisch",
      "vehicle_type" : "E-Scooter",
      "operator" : "Bird Rides, Inc.",
      "timezone" : "Europe/Zurich",
      "rental_apps" : {
        "ios" : {
          "store_uri" : "https://apps.apple.com/ch/app/bird-genie%C3%9Fe-die-fahrt/id1260842311"
        },
        "android" : {
          "store_uri" : "https://play.google.com/store/apps/details?id=co.bird.android&hl=de_CH&gl=US"
        }
      },
      "last_updated" : 1648126449
    }, {
      "provider_id" : "bird-platform-partner-zisch-basel",
      "ttl" : 60,
      "language" : "en",
      "name" : "Zisch",
      "vehicle_type" : "E-Scooter",
      "operator" : "Bird Rides, Inc.",
      "timezone" : "Europe/Zurich",
      "rental_apps" : {
        "ios" : {
          "store_uri" : "https://apps.apple.com/ch/app/bird-genie%C3%9Fe-die-fahrt/id1260842311"
        },
        "android" : {
          "store_uri" : "https://play.google.com/store/apps/details?id=co.bird.android&hl=de_CH&gl=US"
        }
      },
      "last_updated" : 1648126446
    }, {
      "provider_id" : "bird-platform-partner-seven-group-zurich",
      "ttl" : 60,
      "language" : "en",
      "name" : "Seven Group",
      "vehicle_type" : "E-Scooter",
      "operator" : "Bird Rides, Inc.",
      "timezone" : "Europe/Zurich",
      "rental_apps" : {
        "ios" : {
          "store_uri" : "https://apps.apple.com/ch/app/bird-genie%C3%9Fe-die-fahrt/id1260842311"
        },
        "android" : {
          "store_uri" : "https://play.google.com/store/apps/details?id=co.bird.android&hl=de_CH&gl=US"
        }
      },
      "last_updated" : 1648126449
    }, {
      "provider_id" : "bird-platform-partner-seven-group-basel",
      "ttl" : 60,
      "language" : "en",
      "name" : "Seven Group",
      "vehicle_type" : "E-Scooter",
      "operator" : "Bird Rides, Inc.",
      "timezone" : "Europe/Zurich",
      "rental_apps" : {
        "ios" : {
          "store_uri" : "https://apps.apple.com/ch/app/bird-genie%C3%9Fe-die-fahrt/id1260842311"
        },
        "android" : {
          "store_uri" : "https://play.google.com/store/apps/details?id=co.bird.android&hl=de_CH&gl=US"
        }
      },
      "last_updated" : 1648126445
    }, {
      "provider_id" : "bird-platform-partner-seven-group-winterthur",
      "ttl" : 60,
      "language" : "en",
      "name" : "Seven Group",
      "vehicle_type" : "E-Scooter",
      "operator" : "Bird Rides, Inc.",
      "timezone" : "Europe/Zurich",
      "rental_apps" : {
        "ios" : {
          "store_uri" : "https://apps.apple.com/ch/app/bird-genie%C3%9Fe-die-fahrt/id1260842311"
        },
        "android" : {
          "store_uri" : "https://play.google.com/store/apps/details?id=co.bird.android&hl=de_CH&gl=US"
        }
      },
      "last_updated" : 1648126485
    }, {
      "provider_id" : "mobility",
      "ttl" : 300,
      "language" : "en",
      "name" : "Mobility",
      "vehicle_type" : "Car",
      "url" : "https://www.mobility.ch",
      "email" : "office@mobility.ch",
      "timezone" : "CET",
      "rental_apps" : {
        "ios" : {
          "store_uri" : "https://apps.apple.com/ch/app/mobility-schweiz/id362028864"
        },
        "android" : {
          "store_uri" : "https://play.google.com/store/apps/details?id=ch.mobility.mobidroid.main"
        }
      },
      "last_updated" : 1648126381
    }, {
      "provider_id" : "emobility",
      "ttl" : 60,
      "language" : "en",
      "name" : "Mobility",
      "vehicle_type" : "E-Car",
      "url" : "https://www.mobility.ch",
      "email" : "office@mobility.ch",
      "timezone" : "CET",
      "rental_apps" : {
        "ios" : {
          "store_uri" : "https://apps.apple.com/ch/app/mobility-schweiz/id362028864"
        },
        "android" : {
          "store_uri" : "https://play.google.com/store/apps/details?id=ch.mobility.mobidroid.main"
        }
      },
      "last_updated" : 1648126398
    }, {
      "provider_id" : "tier",
      "ttl" : 60,
      "language" : "en",
      "name" : "TIER E-Scooter-Sharing",
      "vehicle_type" : "E-Scooter",
      "timezone" : "CET",
      "rental_apps" : {
        "ios" : {
          "store_uri" : "https://apps.apple.com/ch/app/tier-e-scooter-sharing-mehr/id1436140272"
        },
        "android" : {
          "store_uri" : "https://play.google.com/store/apps/details?id=com.tier.app&hl=de&gl=US"
        }
      },
      "last_updated" : 1648126482
    }, {
      "provider_id" : "mobility_go",
      "ttl" : 300,
      "language" : "en",
      "name" : "Mobility Go",
      "vehicle_type" : "Car",
      "url" : "https://www.mobility.ch",
      "email" : "office@mobility.ch",
      "timezone" : "CET",
      "rental_apps" : {
        "ios" : {
          "store_uri" : "https://apps.apple.com/ch/app/mobility-schweiz/id362028864"
        },
        "android" : {
          "store_uri" : "https://play.google.com/store/apps/details?id=ch.mobility.mobidroid.main"
        }
      },
      "last_updated" : 1648126163
    }, {
      "provider_id" : "emobility_go",
      "ttl" : 300,
      "language" : "en",
      "name" : "Mobility Go",
      "vehicle_type" : "E-Car",
      "url" : "https://www.mobility.ch",
      "email" : "office@mobility.ch",
      "timezone" : "CET",
      "rental_apps" : {
        "ios" : {
          "store_uri" : "https://apps.apple.com/ch/app/mobility-schweiz/id362028864"
        },
        "android" : {
          "store_uri" : "https://play.google.com/store/apps/details?id=ch.mobility.mobidroid.main"
        }
      },
      "last_updated" : 1648126348
    }, {
      "provider_id" : "sponticar",
      "ttl" : 60,
      "language" : "en",
      "name" : "Sponti-Car",
      "vehicle_type" : "E-Car",
      "url" : "https://sponti-car.ch/",
      "email" : "info@sponti-car.ch",
      "phone_number" : "055 264 10 00",
      "timezone" : "CET",
      "last_updated" : 1648124323,
      "purchase_url" : "https://ibiola.com/login"
    }, {
      "provider_id" : "bird-platform-partner-zisch-group-biel",
      "ttl" : 60,
      "language" : "en",
      "name" : "Zisch",
      "vehicle_type" : "E-Scooter",
      "operator" : "Bird Rides, Inc.",
      "timezone" : "Europe/Zurich",
      "rental_apps" : {
        "ios" : {
          "store_uri" : "https://apps.apple.com/ch/app/bird-genie%C3%9Fe-die-fahrt/id1260842311"
        },
        "android" : {
          "store_uri" : "https://play.google.com/store/apps/details?id=co.bird.android&hl=de_CH&gl=US"
        }
      },
      "last_updated" : 1648126434
    }, {
      "provider_id" : "nextbike_ch",
      "ttl" : 60,
      "language" : "en",
      "name" : "Nextbike",
      "vehicle_type" : "Bike",
      "operator" : "nextbike GmbH, Erich-Zeigner Allee 69-73, 04229 Leipzig, Germany",
      "url" : "https://www.nextbike.ch/de/",
      "email" : "info@nextbike.ch",
      "phone_number" : "0041415080800",
      "timezone" : "Europe/Brussels",
      "rental_apps" : {
        "ios" : {
          "store_uri" : "https://apps.apple.com/de/app/nextbike/id504288371",
          "discovery_uri" : "nextbike://"
        },
        "android" : {
          "store_uri" : "https://play.google.com/store/apps/details?id=de.nextbike",
          "discovery_uri" : "https://app.nextbike.net/"
        }
      },
      "last_updated" : 1648126391
    }, {
      "provider_id" : "donkey_thun",
      "ttl" : 60,
      "language" : "en",
      "name" : "Donkey Republik",
      "vehicle_type" : "Bike",
      "operator" : "Donkey Republic",
      "url" : "https://www.donkey.bike/cities/bike-rental-thun/",
      "email" : "support@donkeyrepublic.com",
      "phone_number" : "0041 31 539 18 90",
      "timezone" : "Europe/Zurich",
      "rental_apps" : {
        "ios" : {
          "store_uri" : "https://apps.apple.com/pl/app/donkey-republic/id933526449",
          "discovery_uri" : "donkey://"
        },
        "android" : {
          "store_uri" : "https://play.google.com/store/apps/details?id=com.donkeyrepublic.bike.android",
          "discovery_uri" : "https://dnky.bike"
        }
      },
      "last_updated" : 1648126426,
      "purchase_url" : "https://www.donkey.bike/pricing/"
    }, {
      "provider_id" : "pickebike_basel",
      "ttl" : 60,
      "language" : "en",
      "name" : "Pick-e-Bike",
      "vehicle_type" : "E-Bike",
      "phone_number" : "+41848020304",
      "timezone" : "Europe/Zurich",
      "rental_apps" : {
        "ios" : {
          "store_uri" : "https://apps.apple.com/ch/app/pick-e-bike/id1373747610",
          "discovery_uri" : "pickebike://"
        },
        "android" : {
          "store_uri" : "https://play.google.com/store/apps/details?id=ch.pickebike",
          "discovery_uri" : "pickebike://"
        }
      },
      "last_updated" : 1648126380
    }, {
      "provider_id" : "donkey_neuchatel",
      "ttl" : 60,
      "language" : "en",
      "name" : "Donkey Republic",
      "vehicle_type" : "Bike",
      "operator" : "Donkey Republic",
      "url" : "https://www.donkey.bike/cities/bike-rental-neuchatel/",
      "email" : "support@donkeyrepublic.com",
      "phone_number" : "0041 31 539 18 90",
      "timezone" : "Europe/Zurich",
      "rental_apps" : {
        "ios" : {
          "store_uri" : "https://apps.apple.com/pl/app/donkey-republic/id933526449",
          "discovery_uri" : "donkey://"
        },
        "android" : {
          "store_uri" : "https://play.google.com/store/apps/details?id=com.donkeyrepublic.bike.android",
          "discovery_uri" : "https://dnky.bike"
        }
      },
      "last_updated" : 1648126426,
      "purchase_url" : "https://www.donkey.bike/pricing/"
    }, {
      "provider_id" : "donkey_yverdon-les-bains",
      "ttl" : 60,
      "language" : "en",
      "name" : "Donkey Republic",
      "vehicle_type" : "Bike",
      "operator" : "Donkey Republic",
      "url" : "https://www.donkey.bike/cities/bike-rental-yverdon-les-bains/",
      "email" : "support@donkeyrepublic.com",
      "phone_number" : "0041 31 539 18 90",
      "timezone" : "Europe/Zurich",
      "rental_apps" : {
        "ios" : {
          "store_uri" : "https://apps.apple.com/pl/app/donkey-republic/id933526449",
          "discovery_uri" : "donkey://"
        },
        "android" : {
          "store_uri" : "https://play.google.com/store/apps/details?id=com.donkeyrepublic.bike.android",
          "discovery_uri" : "https://dnky.bike"
        }
      },
      "last_updated" : 1648126456,
      "purchase_url" : "https://www.donkey.bike/pricing/"
    }, {
      "provider_id" : "donkey_sion",
      "ttl" : 60,
      "language" : "en",
      "name" : "Donkey Republic",
      "vehicle_type" : "Bike",
      "operator" : "Donkey Republic",
      "url" : "https://www.donkey.bike/cities/bike-rental-sion/",
      "email" : "support@donkeyrepublic.com",
      "phone_number" : "0041 31 539 18 90",
      "timezone" : "Europe/Zurich",
      "rental_apps" : {
        "ios" : {
          "store_uri" : "https://apps.apple.com/pl/app/donkey-republic/id933526449",
          "discovery_uri" : "donkey://"
        },
        "android" : {
          "store_uri" : "https://play.google.com/store/apps/details?id=com.donkeyrepublic.bike.android",
          "discovery_uri" : "https://dnky.bike"
        }
      },
      "last_updated" : 1648126426,
      "purchase_url" : "https://www.donkey.bike/pricing/"
    }, {
      "provider_id" : "donkey_le_locle",
      "ttl" : 60,
      "language" : "en",
      "name" : "Donkey Republic",
      "vehicle_type" : "Bike",
      "operator" : "Donkey Republic",
      "url" : "https://www.donkey.bike/cities/bike-rental-le-locle/",
      "email" : "support@donkeyrepublic.com",
      "phone_number" : "0041 31 539 18 90",
      "timezone" : "Europe/Zurich",
      "rental_apps" : {
        "ios" : {
          "store_uri" : "https://apps.apple.com/pl/app/donkey-republic/id933526449",
          "discovery_uri" : "donkey://"
        },
        "android" : {
          "store_uri" : "https://play.google.com/store/apps/details?id=com.donkeyrepublic.bike.android",
          "discovery_uri" : "https://dnky.bike"
        }
      },
      "last_updated" : 1648126426,
      "purchase_url" : "https://www.donkey.bike/pricing/"
    }, {
      "provider_id" : "donkey_li",
      "ttl" : 60,
      "language" : "en",
      "name" : "Donkey Republic",
      "vehicle_type" : "Bike",
      "operator" : "FreeVelo Point",
      "url" : "https://www.donkey.bike/cities/",
      "email" : "support@donkeyrepublic.com",
      "phone_number" : "+4930255585617",
      "timezone" : "Europe/Copenhagen",
      "rental_apps" : {
        "ios" : {
          "store_uri" : "https://apps.apple.com/pl/app/donkey-republic/id933526449",
          "discovery_uri" : "donkey://"
        },
        "android" : {
          "store_uri" : "https://play.google.com/store/apps/details?id=com.donkeyrepublic.bike.android",
          "discovery_uri" : "https://dnky.bike"
        }
      },
      "last_updated" : 1648126428,
      "purchase_url" : "https://www.donkey.bike/pricing/"
    }, {
      "provider_id" : "donkey_ge",
      "ttl" : 60,
      "language" : "en",
      "name" : "Donkey Republic",
      "vehicle_type" : "Bike",
      "operator" : "Donkey Republic",
      "url" : "https://www.donkey.bike/cities/bike-rental-geneva/",
      "email" : "support@donkeyrepublic.com",
      "phone_number" : "+41315391890",
      "timezone" : "Europe/Zurich",
      "rental_apps" : {
        "ios" : {
          "store_uri" : "https://apps.apple.com/pl/app/donkey-republic/id933526449",
          "discovery_uri" : "donkey://"
        },
        "android" : {
          "store_uri" : "https://play.google.com/store/apps/details?id=com.donkeyrepublic.bike.android",
          "discovery_uri" : "https://dnky.bike"
        }
      },
      "last_updated" : 1648126428,
      "purchase_url" : "https://www.donkey.bike/pricing/"
    }, {
      "provider_id" : "bird-platform-partner-zisch-uster",
      "ttl" : 60,
      "language" : "en",
      "name" : "Zisch",
      "vehicle_type" : "E-Scooter",
      "operator" : "Bird Rides, Inc.",
      "timezone" : "Europe/Zurich",
      "rental_apps" : {
        "ios" : {
          "store_uri" : "https://apps.apple.com/ch/app/bird-genie%C3%9Fe-die-fahrt/id1260842311"
        },
        "android" : {
          "store_uri" : "https://play.google.com/store/apps/details?id=co.bird.android&hl=de_CH&gl=US"
        }
      },
      "last_updated" : 1648126435
    }, {
      "provider_id" : "pickebike_aubonne",
      "ttl" : 60,
      "language" : "en",
      "name" : "Pick-e-Bike",
      "vehicle_type" : "E-Bike",
      "phone_number" : "+41218215400",
      "timezone" : "Europe/Zurich",
      "rental_apps" : {
        "ios" : {
          "store_uri" : "https://apps.apple.com/ch/app/pick-e-bike/id1373747610",
          "discovery_uri" : "pickebike://"
        },
        "android" : {
          "store_uri" : "https://play.google.com/store/apps/details?id=ch.pickebike",
          "discovery_uri" : "pickebike://"
        }
      },
      "last_updated" : 1648126440
    }, {
      "provider_id" : "bird-platform-partner-jmfleets-bulle",
      "ttl" : 60,
      "language" : "en",
      "name" : "JM Fleets",
      "vehicle_type" : "E-Scooter",
      "operator" : "Bird Rides, Inc.",
      "timezone" : "Europe/Zurich",
      "rental_apps" : {
        "ios" : {
          "store_uri" : "https://apps.apple.com/ch/app/bird-genie%C3%9Fe-die-fahrt/id1260842311"
        },
        "android" : {
          "store_uri" : "https://play.google.com/store/apps/details?id=co.bird.android&hl=de_CH&gl=US"
        }
      },
      "last_updated" : 1648126447
    }, {
      "provider_id" : "bird-platform-partner-jmfleetswl-biel",
      "ttl" : 60,
      "language" : "en",
      "name" : "JM Fleets",
      "vehicle_type" : "E-Scooter",
      "operator" : "Bird Rides, Inc.",
      "timezone" : "Europe/Zurich",
      "rental_apps" : {
        "ios" : {
          "store_uri" : "https://apps.apple.com/ch/app/bird-genie%C3%9Fe-die-fahrt/id1260842311"
        },
        "android" : {
          "store_uri" : "https://play.google.com/store/apps/details?id=co.bird.android&hl=de_CH&gl=US"
        }
      },
      "last_updated" : 1648126434
    }, {
      "provider_id" : "pickebike_fribourg",
      "ttl" : 60,
      "language" : "en",
      "name" : "Pick-e-Bike",
      "vehicle_type" : "E-Bike",
      "phone_number" : "+41848020304",
      "timezone" : "Europe/Zurich",
      "rental_apps" : {
        "ios" : {
          "store_uri" : "https://apps.apple.com/ch/app/pick-e-bike/id1373747610",
          "discovery_uri" : "pickebike://"
        },
        "android" : {
          "store_uri" : "https://play.google.com/store/apps/details?id=ch.pickebike",
          "discovery_uri" : "pickebike://"
        }
      },
      "last_updated" : 1648126441
    }, {
      "provider_id" : "tier_ebike",
      "ttl" : 60,
      "language" : "en",
      "name" : "TIER E-Bike-Sharing",
      "vehicle_type" : "E-Bike",
      "timezone" : "CET",
      "rental_apps" : {
        "ios" : {
          "store_uri" : "https://apps.apple.com/ch/app/tier-e-scooter-sharing-mehr/id1436140272"
        },
        "android" : {
          "store_uri" : "https://play.google.com/store/apps/details?id=com.tier.app&hl=de&gl=US"
        }
      },
      "last_updated" : 1648126449
    }, {
      "provider_id" : "2em_cars",
      "ttl" : 300,
      "language" : "en",
      "name" : "2EM Car Sharing",
      "vehicle_type" : "Car",
      "url" : "https://www.2em.ch",
      "email" : "contact@2em.ch",
      "phone_number" : "0041 58 255 28 66",
      "timezone" : "Europe/Zurich",
      "rental_apps" : {
        "ios" : {
          "store_uri" : "https://apps.apple.com/fr/app/2em-car-sharing/id1517096697",
          "discovery_uri" : "ch.2em://"
        },
        "android" : {
          "store_uri" : "ch.2em://",
          "discovery_uri" : "https://play.google.com/store/apps/details?id=ch.app2em"
        }
      },
      "last_updated" : 1648125906,
      "purchase_url" : "https://www.2em.ch"
    }, {
      "provider_id" : "2em_cars_e",
      "ttl" : 300,
      "language" : "en",
      "name" : "2EM Car Sharing",
      "vehicle_type" : "E-Car",
      "url" : "https://www.2em.ch",
      "email" : "contact@2em.ch",
      "phone_number" : "0041 58 255 28 66",
      "timezone" : "Europe/Zurich",
      "rental_apps" : {
        "ios" : {
          "store_uri" : "https://apps.apple.com/fr/app/2em-car-sharing/id1517096697",
          "discovery_uri" : "ch.2em://"
        },
        "android" : {
          "store_uri" : "ch.2em://",
          "discovery_uri" : "https://play.google.com/store/apps/details?id=ch.app2em"
        }
      },
      "last_updated" : 1648126204,
      "purchase_url" : "https://www.2em.ch"
    }, {
      "provider_id" : "lime_escooter",
      "ttl" : 0,
      "language" : "en",
      "name" : "Lime City partners from Partners::RegionFeedMediator",
      "vehicle_type" : "E-Scooter",
      "timezone" : "Europe/Zurich",
      "last_updated" : 1648126457
    }, {
      "provider_id" : "lime_ebike",
      "ttl" : 0,
      "language" : "en",
      "name" : "Lime City partners from Partners::RegionFeedMediator",
      "vehicle_type" : "E-Bike",
      "timezone" : "Europe/Zurich",
      "last_updated" : 1648126487
    } ]
  }
}